session_name:HW02;session_id:aj9te7es4hb9332dsc2v2a94su;"session_start:09:55:30 am";"session_end:09:57:27 am"
session_name:HW02;session_id:84nc5t7ofbih2asem8um9ugkb4;"session_start:09:57:30 am";"session_end:09:57:33 am"
session_name:HW02;session_id:mf1mui4n9kq6fhgkh21e3l3sg8;"session_start:09:58:28 am";"session_end:11:11:48 am"
session_name:HW02;session_id:lh238nucrvuphcrjavgc3l0g7q;"session_start:11:11:50 am";"session_end:11:13:22 am"
session_name:HW02;session_id:0noh7pe9mh5pjl19fak9u4ei63;"session_start:11:14:14 am";"session_end:11:56:17 am"
session_name:HW02;session_id:ej6at4ughfh7ps2e7peaf23fcs;"session_start:11:56:18 am";"session_end:14:00:47 pm"
session_name:HW02;session_id:kcpqi0fliktua87po07f3g38dg;"session_start:14:43:58 pm";"session_end:14:45:25 pm"
session_name:HW02;session_id:99iqli4cqsst75p5j1n2acvnb4;"session_start:11:39:02 am";"session_end:11:39:04 am"
session_name:HW02;session_id:4h4u3hffjhjipnmm1vdik0r5vj;"session_start:11:39:05 am";"session_end:11:40:04 am"
session_name:HW02;session_id:c0c4rrpia5n61s32rleiefap7a;"session_start:11:55:55 am";"session_end:11:56:32 am"
session_name:HW02;session_id:h339j1spapnhj6gf6bmbudt8v2;"session_start:12:17:41 pm";"session_end:12:17:42 pm"
session_name:HW02;session_id:h4psttrful2fj1c0o9tj8f2oem;"session_start:12:17:57 pm";"session_end:12:17:58 pm"
session_name:HW02;session_id:n9cfuus1keihe0bko7so0ql4le;"session_start:13:21:41 pm";"session_end:13:21:44 pm"
session_name:HW02;session_id:n1aak9ibqlme4kpb4gbbino9ps;"session_start:13:21:45 pm";"session_end:13:21:46 pm"
session_name:HW02;session_id:cnl6v9g0094e8vsltibll1j7u2;"session_start:13:22:49 pm";"session_end:09:37:06 am"
session_name:HW02;session_id:94kil9h533iogosoo1bv60h8jm;"session_start:14:47:53 pm";"session_end:14:47:56 pm"
session_name:HW02;session_id:remjcbipcn3dfseji0gtb957pq;"session_start:14:47:58 pm";"session_end:16:57:22 pm"
session_name:HW02;session_id:78sj5dsckai1l4e515tnp4ci60;"session_start:16:57:25 pm";"session_end:13:54:30 pm"
